{
  "train_losses": [
    0.21140868645725827,
    0.14262989061799916,
    0.127214273607189,
    0.1182234360638893,
    0.11336909736873525,
    0.10871899799641335,
    0.10775433525894627,
    0.10468219113395069,
    0.10356210465684082,
    0.1018444774954608,
    0.10103475392767877,
    0.09937190546682387,
    0.09672025241183513,
    0.09552527873805075,
    0.09524004071047812,
    0.09323680739511143,
    0.09294322195152442,
    0.09159250489690086,
    0.08691080574962226,
    0.0874485278671438
  ],
  "val_losses": [
    0.2578788623213768,
    0.21003910154104233,
    0.1834961362183094,
    0.16067124033967653,
    0.15416340405742326,
    0.15423690030972162,
    0.15189170216520628,
    0.14830323681235313,
    0.13985408221681914,
    0.13472406441966692,
    0.14227581396698952,
    0.1353631466627121,
    0.1349275807539622,
    0.1323486939072609,
    0.14361723760763803,
    0.1437100258966287,
    0.135952427983284,
    0.13278713698188463,
    0.1385647108157476,
    0.13690448179841042
  ],
  "best_epoch": 14,
  "best_val_loss": 0.1323486939072609
}