{
  "train_losses": [
    0.2980550676584244,
    0.2506778592413122,
    0.2160842946984551,
    0.1865819828076796,
    0.16627777841958133,
    0.15139604563062842,
    0.14260305599732834,
    0.1380791569297964,
    0.13163985244252466,
    0.12664520943706686,
    0.1234343173828992,
    0.12041765722361478,
    0.11809449236501347,
    0.11545070938088677,
    0.11462893811139194,
    0.11012690988453952,
    0.10793936049396341,
    0.10553522204810922,
    0.10258395292542198,
    0.10011909157037735,
    0.0979842787439173,
    0.09563100202517076
  ],
  "val_losses": [
    0.23224535584449768,
    0.2162483756740888,
    0.20266005396842957,
    0.1879137046635151,
    0.17928233246008554,
    0.17233607545495033,
    0.16731436923146248,
    0.16634365419546762,
    0.16444464276234308,
    0.16353911037246385,
    0.15925007437666258,
    0.15874112521608671,
    0.1617926930387815,
    0.16275654857357344,
    0.16111425682902336,
    0.15626375004649162,
    0.1563066653907299,
    0.16490784287452698,
    0.15998722737034163,
    0.15685230617721876,
    0.15910844380656877,
    0.1655681828657786
  ],
  "best_epoch": 16,
  "best_val_loss": 0.15626375004649162
}