{
  "train_losses": [
    0.25220569561828265,
    0.21000609614632346,
    0.18257036398757587,
    0.16013035449114713,
    0.1415379995649511,
    0.12841122461990875,
    0.11955473775213415,
    0.11393756013024937,
    0.10998069765892896,
    0.1070580617948012,
    0.10444895110347054,
    0.1025735234672373,
    0.10104920308698308,
    0.09946084293452176,
    0.09810129011219199,
    0.09673906727270647,
    0.09572477300058711,
    0.09431905231692574,
    0.09333591027693315,
    0.09226301922039552,
    0.0910352576862682,
    0.09011951563033191,
    0.08902598240158775,
    0.08793364803899419,
    0.08648565885695544,
    0.08581509305672212,
    0.08461896736513484,
    0.08357290517200124,
    0.08269399201328104,
    0.08195664801380852,
    0.08115675842220132,
    0.08056164939295161
  ],
  "val_losses": [
    0.22616915653149286,
    0.19969241817792258,
    0.1800141508380572,
    0.16418875257174173,
    0.1518889715274175,
    0.14372302840153375,
    0.13839354117711386,
    0.13455460220575333,
    0.13104269405206045,
    0.12873591606815657,
    0.12701270108421645,
    0.12588179856538773,
    0.1246659259001414,
    0.12292233357826869,
    0.12204783037304878,
    0.12235394244392712,
    0.122516763707002,
    0.12038713693618774,
    0.12136092533667882,
    0.1197722926735878,
    0.12036918352047603,
    0.11930547157923381,
    0.11931016917030017,
    0.11859111115336418,
    0.11963445817430814,
    0.12063773100574811,
    0.11934357260664304,
    0.1209896057844162,
    0.11981993541121483,
    0.1211179035405318,
    0.12151350826025009,
    0.12069326142470042
  ],
  "best_epoch": 24,
  "best_val_loss": 0.11859111115336418
}