{
  "train_losses": [
    0.14629821919582106,
    0.07590568584926201,
    0.06591744929777854,
    0.06126025296521909,
    0.05843291369577249,
    0.056147841228680176,
    0.05476700136381568,
    0.053202604479861984,
    0.05222324327085957,
    0.05115470848977566,
    0.05021805654872547,
    0.04917283057037628,
    0.04869065416807478,
    0.04772673456957846,
    0.047180519072395385,
    0.04728024232793938,
    0.04602185168275327,
    0.04553286189382726,
    0.04468400070838856,
    0.044443337811213554,
    0.04303305093763453,
    0.04270828012941462,
    0.042504189535975456,
    0.04208361086520282,
    0.04192668323715528,
    0.04188477496306101,
    0.041333391698020874,
    0.0412625650959936,
    0.04029919768711834,
    0.04043370299041271
  ],
  "val_losses": [
    0.11523441101113956,
    0.09156426290671031,
    0.08203079923987389,
    0.0759837372849385,
    0.07155068963766098,
    0.07115363826354344,
    0.06811082052687804,
    0.06675694448252519,
    0.06689669626454513,
    0.06410919067760308,
    0.06558012155195077,
    0.06319481320679188,
    0.06346611740688483,
    0.062283589194218315,
    0.06194258543352286,
    0.06153719499707222,
    0.061993892615040146,
    0.061987935254971184,
    0.06247180265684923,
    0.06153352931141853,
    0.060215445856253304,
    0.06209150950113932,
    0.06067178212106228,
    0.06005995782713095,
    0.06101050910850366,
    0.06045669503509998,
    0.06027388758957386,
    0.06071755848824978,
    0.06015685324867567,
    0.061139596005280815
  ],
  "best_epoch": 24,
  "best_val_loss": 0.06005995782713095
}