{
  "train_losses": [
    0.22424294946362094,
    0.17967992007289235,
    0.15298102510795275,
    0.13612638915227693,
    0.12433744590300166,
    0.11681681317467672,
    0.10704660343636367,
    0.10350104061311949,
    0.10078055148452632,
    0.09811146701357179
  ],
  "val_losses": [
    0.1845523677766323,
    0.1830110028386116,
    0.1909870132803917,
    0.19032324850559235,
    0.19145787507295609,
    0.18974295258522034,
    0.19122029095888138,
    0.19384757056832314,
    0.1869160495698452,
    0.187259279191494
  ],
  "best_epoch": 2,
  "best_val_loss": 0.1830110028386116
}